,year,Income
0,2021,42117.15916964039
1,2023,43774.08932008571
2,2025,45431.01947053103
3,2027,47087.94962097658
4,2029,48744.879771421896
5,2031,50401.80992186745
6,2033,52058.740072312765
7,2035,53715.670222758316
8,2037,55372.60037320363
9,2039,57029.530523649184
